Team_ID,Composition,Probability,Expected_Payoff
3,"Ant, Ant, Fish",0.30472335612241214,2.2012319379090678e-14
246,"Fish, Ant, Fish",0.3021949611441966,3.00318125586169e-15
1,"Ant, Ant, Beaver",0.16677708591900278,-1.3862504693422986e-14
244,"Fish, Ant, Beaver",0.14213342515076172,-1.432924508825258e-14
296,"Fish, Mosquito, Pig",0.08172077369084103,0.003268830874518675
260,"Fish, Beaver, Pig",0.0024503979726964906,-0.054507755701125725
